location_id,city,state,country
1,Nicoleport,South Dakota,Guadeloupe
2,Myershaven,Utah,Tajikistan
3,Keithmouth,Iowa,Burundi
4,Chambersland,Alaska,Liechtenstein
5,Lake Erinberg,Ohio,French Southern Territories
6,New Jane,Wyoming,French Polynesia
7,North Christopherchester,Illinois,Netherlands Antilles
8,Rodneyland,New Jersey,Svalbard & Jan Mayen Islands
9,Robertstad,Pennsylvania,Equatorial Guinea
10,New Jonathanchester,Minnesota,Guadeloupe
11,New Nicholasshire,Kentucky,Albania
12,Whitemouth,Missouri,Rwanda
13,Port Douglas,South Dakota,Czech Republic
14,Ashleyport,North Dakota,Romania
15,Laurenborough,Ohio,Lithuania
16,South Jeannefort,Hawaii,Afghanistan
17,North Alexander,Kansas,Austria
18,Lake Jilltown,Georgia,Iceland
19,Matthewshire,Oregon,Falkland Islands (Malvinas)
20,East Christopher,Ohio,Syrian Arab Republic
21,New Williamchester,Ohio,Macao
22,Gailton,Montana,Belgium
23,Drewport,Texas,British Indian Ocean Territory (Chagos Archipelago)
24,New Karenbury,Oklahoma,Azerbaijan
25,Acostafurt,Nebraska,United Kingdom
26,Morrisview,Florida,Panama
27,Lake Brent,Maryland,Grenada
28,Trevinoton,Minnesota,Algeria
29,Loweview,Massachusetts,Croatia
30,South Kimberlystad,Georgia,Samoa
31,South Robertfort,New Mexico,Paraguay
32,Bentonberg,South Dakota,Russian Federation
33,East Chad,New Jersey,Tunisia
34,Mcdanieltown,Nevada,Somalia
35,Johnhaven,Louisiana,Malawi
36,New Saraland,Tennessee,Angola
37,Joshuamouth,Nebraska,Samoa
38,Jamieborough,West Virginia,Cyprus
39,Nathanchester,Texas,Saint Pierre and Miquelon
40,Melissafort,Nebraska,Jordan
41,South Emma,Montana,Mozambique
42,Port Cody,Hawaii,Panama
43,Reynoldsshire,Maryland,Poland
44,South Markville,Wyoming,Hong Kong
45,Whiteport,Minnesota,Korea
46,Hunterhaven,West Virginia,Slovenia
47,Port Karla,Massachusetts,American Samoa
48,Scottstad,Rhode Island,Uzbekistan
49,Haleyport,Utah,Bhutan
50,New Jessica,Connecticut,Kazakhstan
51,Deanchester,Wisconsin,Heard Island and McDonald Islands
52,East Nichole,Washington,Suriname
53,Anthonyhaven,Virginia,Cape Verde
54,Ryanshire,Rhode Island,Senegal
55,Ronaldville,Minnesota,Canada
56,Barryland,Ohio,France
57,Colemanside,Louisiana,Saudi Arabia
58,Ronniemouth,Nebraska,Bulgaria
59,West Kaitlynfort,Kansas,Malta
60,South Melindafort,Rhode Island,Tuvalu
61,Crystalmouth,Pennsylvania,Palestinian Territory
62,Williamtown,New Jersey,Libyan Arab Jamahiriya
63,Carpenterstad,Louisiana,Brazil
64,Cortezburgh,Rhode Island,Oman
65,North Kevin,Kansas,Philippines
66,South Gabriella,Oklahoma,Spain
67,Katelynport,Pennsylvania,Seychelles
68,Stephaniefurt,Kansas,China
69,South Samuelton,Wyoming,Guyana
70,New Gloriaside,Hawaii,Liberia
71,Lake April,Utah,Luxembourg
72,South Nathanmouth,Kentucky,British Indian Ocean Territory (Chagos Archipelago)
73,Morganview,Connecticut,North Macedonia
74,Josephton,Alaska,Dominican Republic
75,Ericview,Mississippi,Netherlands Antilles
76,East Deborahmouth,Louisiana,Jamaica
77,Port Jamesburgh,Nebraska,Guernsey
78,Tylerchester,New Hampshire,French Southern Territories
79,Garciahaven,Vermont,Togo
80,Stephanieburgh,Tennessee,Nauru
81,Patriciafurt,North Carolina,Tokelau
82,Jenniferstad,Louisiana,Turks and Caicos Islands
83,Port Gary,Florida,Tuvalu
84,Morrisonbury,New Hampshire,Yemen
85,Lake Samanthamouth,South Carolina,Saudi Arabia
86,East Sergio,New York,Burundi
87,Brianville,Georgia,Tokelau
88,Richardmouth,Texas,Finland
89,Stephanieville,New Hampshire,Benin
90,Port Danielle,Washington,Wallis and Futuna
91,East Timothy,Hawaii,Jordan
92,Lake John,Connecticut,Afghanistan
93,Mendozastad,Utah,China
94,East Robertberg,Washington,Croatia
95,Robertshire,Florida,Israel
96,Port Jonathan,Montana,Guinea-Bissau
97,Port Alison,Alabama,Mali
98,South Stephanie,Oregon,Zambia
99,Port Jefferybury,South Dakota,Anguilla
100,Lake Sarafort,West Virginia,Kiribati
101,Patrickside,Mississippi,Argentina
102,Grantport,Illinois,British Virgin Islands
103,Robinfort,Vermont,Guadeloupe
104,Port Rachaelberg,Maryland,Lao People's Democratic Republic
105,East Biancamouth,Arkansas,Sao Tome and Principe
106,New Jessemouth,Alaska,Czech Republic
107,North Rogerville,Kansas,New Caledonia
108,North Kathryn,Connecticut,Nepal
109,Mathewsstad,Oregon,Belize
110,Brucebury,Florida,Myanmar
111,Elizabethchester,Florida,Syrian Arab Republic
112,New Kimberly,Nebraska,Ukraine
113,South Alexistown,Connecticut,Luxembourg
114,Justinchester,North Carolina,Bosnia and Herzegovina
115,Garciaport,Rhode Island,Honduras
116,Nicholasside,Rhode Island,Vanuatu
117,East Rebecca,Arkansas,Slovakia (Slovak Republic)
118,Harperview,Maryland,Botswana
119,South Robin,Minnesota,Marshall Islands
120,Alanland,Washington,Guam
121,Williamsfurt,Nebraska,Turkmenistan
122,West Elizabeth,Maryland,Belize
123,Phillipfort,Hawaii,Haiti
124,East Christopherside,Nebraska,Pakistan
125,West Ruben,Kansas,Cuba
126,Port Kevinport,North Dakota,Italy
127,Joeburgh,Virginia,Saint Helena
128,North Christophertown,Florida,Saint Lucia
129,Princestad,Nevada,Martinique
130,East Michaelborough,North Dakota,Congo
131,Craigview,New Jersey,Cameroon
132,Port Robert,Idaho,Germany
133,Lake Brandon,Maine,Indonesia
134,South Michael,Idaho,Libyan Arab Jamahiriya
135,East Ashley,Idaho,Tonga
136,Lake Jacquelinechester,West Virginia,Luxembourg
137,East Rachaelfort,Wyoming,Zambia
138,Rushtown,Colorado,United States of America
139,Dennisport,Georgia,Guyana
140,East Eric,California,Rwanda
141,North Sharonland,Alabama,Armenia
142,South Julie,Hawaii,Denmark
143,Bestside,Texas,Korea
144,Lake Jesusmouth,Alabama,Canada
145,West Sara,Texas,Samoa
146,Port Lauraton,Wisconsin,Antigua and Barbuda
147,East Austinfort,Georgia,Vietnam
148,Jacobfort,New Hampshire,Sweden
149,Jaredfurt,Rhode Island,Central African Republic
150,Petertown,Indiana,Andorra
151,Shawnton,New Jersey,Montserrat
152,Port Maryside,Texas,Rwanda
153,South Danielview,Oregon,Heard Island and McDonald Islands
154,South Peter,Kentucky,Turks and Caicos Islands
155,New Stefanie,Kansas,Zimbabwe
156,Frazierfort,Kentucky,Iraq
157,Martinezmouth,Massachusetts,Bermuda
158,South Gregoryfort,North Carolina,Korea
159,Lake Kristin,Alabama,Malawi
160,Brandontown,Idaho,Micronesia
161,Hallfort,Delaware,Bosnia and Herzegovina
162,West Michaelshire,Pennsylvania,Burkina Faso
163,Kimberlychester,Florida,Turkmenistan
164,Ortizburgh,Nevada,Togo
165,Barbaraside,Rhode Island,Namibia
166,North Sydney,New Mexico,Uzbekistan
167,Wilsonchester,Virginia,Panama
168,South Joseph,Michigan,French Southern Territories
169,West Randyborough,South Carolina,Ecuador
170,Lawrencemouth,Georgia,Uruguay
171,Brittanyland,Missouri,Zambia
172,South Gabrielle,Maine,Liberia
173,Gonzalezview,Colorado,Czech Republic
174,Reillyshire,Alaska,Costa Rica
175,Nancyhaven,Louisiana,Saint Kitts and Nevis
176,East Zacharymouth,Mississippi,Puerto Rico
177,Williamville,Arkansas,Nepal
178,Nicoleshire,North Dakota,British Virgin Islands
179,Port Sara,Florida,Mayotte
180,East Lisa,Louisiana,Estonia
181,New Pamelabury,Maine,Saint Barthelemy
182,Port Dennistown,Alabama,Peru
183,New Jonathan,Ohio,Malawi
184,South Erica,Delaware,Georgia
185,East Michaelborough,North Carolina,British Virgin Islands
186,Adamstad,Arkansas,Djibouti
187,Lawsonmouth,Nebraska,Myanmar
188,West Veronicashire,North Carolina,Croatia
189,South Kevin,Georgia,Sweden
190,Melissashire,New Jersey,Andorra
191,Port Michaelfurt,Georgia,Aruba
192,Phillipstown,Michigan,Philippines
193,South Jessestad,Maryland,Solomon Islands
194,Charleshaven,Washington,Bulgaria
195,East Donna,Washington,Western Sahara
196,New Richard,Indiana,British Virgin Islands
197,Christopherland,Massachusetts,Austria
198,Port Brianport,Louisiana,South Africa
199,East Zacharyhaven,Oregon,Gabon
200,New Mollyville,Virginia,Guam
201,Riosport,Massachusetts,Kyrgyz Republic
202,North Vanessa,New Mexico,Palestinian Territory
203,Port Kimberly,Wisconsin,Afghanistan
204,East William,Washington,Nepal
205,Lake Sarahshire,Wyoming,Mauritius
206,North Kristopher,Louisiana,Andorra
207,Rosaleston,Montana,Lao People's Democratic Republic
208,Frostmouth,New Mexico,Sao Tome and Principe
209,East Jillian,Colorado,Guam
210,Potterchester,New York,Libyan Arab Jamahiriya
211,South Ross,Nebraska,Guatemala
212,Guzmanborough,North Dakota,Canada
213,Lake Alfred,South Carolina,Guinea-Bissau
214,Austinport,Florida,Ireland
215,Jessicaborough,New Hampshire,Zimbabwe
216,Brianstad,California,Netherlands Antilles
217,New Carol,Illinois,Mauritania
218,East Joseph,Oregon,Maldives
219,Bethstad,Kansas,Namibia
220,Carolynport,Colorado,United Kingdom
221,Lake Francisco,Georgia,Uruguay
222,Tinaside,Nebraska,Chad
223,North Andrewchester,West Virginia,Vanuatu
224,Lake Holly,Alaska,Czech Republic
225,North Sarah,Florida,Belize
226,South Danielborough,North Dakota,Australia
227,North Angelicahaven,West Virginia,Algeria
228,Martinstad,Arkansas,Sri Lanka
229,Rhondatown,New Jersey,Eritrea
230,South Michael,Pennsylvania,Bangladesh
231,Adkinsberg,Wyoming,Turks and Caicos Islands
232,Anthonyland,Nebraska,Saint Pierre and Miquelon
233,North Katherinestad,North Dakota,Samoa
234,Kimberlyfurt,Oregon,Uganda
235,Martinview,Minnesota,Tajikistan
236,East Dawnborough,Louisiana,Netherlands Antilles
237,Oliverburgh,Pennsylvania,Iraq
238,Port Patrick,Pennsylvania,India
239,Port Kaitlyn,Ohio,Tajikistan
240,New Stacyton,Illinois,Mauritius
241,South Charlesside,Texas,British Indian Ocean Territory (Chagos Archipelago)
242,Lake Brenda,Maine,British Virgin Islands
243,West Candiceberg,Indiana,Nepal
244,New Josephfort,New York,Martinique
245,Joshuamouth,South Carolina,Mongolia
246,Port Peter,Vermont,Morocco
247,Samuelfurt,Utah,Bangladesh
248,East Edwardville,Indiana,Ethiopia
249,Port Melissa,Maryland,Canada
250,Lake Kelsey,Delaware,Panama
251,North Lisamouth,Nevada,Cameroon
252,Jessebury,North Dakota,Malta
253,South Shelby,Florida,British Virgin Islands
254,Castroside,Iowa,Norfolk Island
255,West Teresaland,Texas,Pitcairn Islands
256,East John,Pennsylvania,Paraguay
257,Christineberg,South Dakota,Mozambique
258,Port Darren,New Jersey,United States Virgin Islands
259,Hannahborough,Oklahoma,Switzerland
260,Port Trevor,Delaware,Cameroon
261,Kellyview,Iowa,China
262,Jodyside,New Hampshire,Bermuda
263,South Martha,Utah,Finland
264,East Ashleyburgh,Indiana,Qatar
265,Watsonside,New York,Central African Republic
266,Port Jenniferstad,Montana,Solomon Islands
267,West Briannastad,Idaho,Uruguay
268,Joshuabury,Iowa,Argentina
269,Lake Danielmouth,Arkansas,Peru
270,Bradleystad,Colorado,Australia
271,New Pamela,Ohio,Kyrgyz Republic
272,New Denise,Iowa,Belize
273,Joneston,Florida,Romania
274,Lake Desiree,Pennsylvania,Barbados
275,Lake Richard,Indiana,Mexico
276,East Randallside,Hawaii,Zambia
277,New Jenniferborough,Colorado,French Guiana
278,Vincentton,New Mexico,Cyprus
279,South Pamela,Arkansas,Anguilla
280,Russoville,Utah,French Southern Territories
281,Tammybury,Massachusetts,Equatorial Guinea
282,Bennettport,Wisconsin,Dominican Republic
283,Stanleyberg,Kansas,Syrian Arab Republic
284,Markfort,North Carolina,Venezuela
285,Claudiachester,Washington,Cuba
286,Griffinfurt,Missouri,Peru
287,Velasquezside,Montana,Uganda
288,Guerramouth,Washington,Bosnia and Herzegovina
289,Virginiaberg,Maine,Papua New Guinea
290,Ronniebury,Oregon,Turkey
291,Alvareztown,Connecticut,Bahrain
292,Virginiaton,Utah,British Virgin Islands
293,East Laura,Georgia,Chad
294,West Laurieborough,Iowa,Moldova
295,Port Codytown,Minnesota,France
296,Lauraview,Illinois,Vanuatu
297,South Susantown,North Dakota,Kazakhstan
298,West Leslieberg,New Mexico,San Marino
299,Davidside,Alabama,Korea
300,Thompsonborough,Oklahoma,United States Minor Outlying Islands
301,South Annton,Alabama,Liechtenstein
302,Yolandaborough,Kentucky,Martinique
303,Port Jameshaven,Illinois,French Southern Territories
304,New Autumnfurt,Maryland,Myanmar
305,Williammouth,Illinois,Belgium
306,Penningtonshire,Nevada,Guam
307,North Charles,Illinois,Netherlands Antilles
308,Diazborough,Hawaii,Liechtenstein
309,South Brentland,Oregon,China
310,West Matthewchester,Alaska,Ecuador
311,Erikfurt,California,North Macedonia
312,Hernandezberg,Rhode Island,Bosnia and Herzegovina
313,North Davidland,Pennsylvania,Gabon
314,South Jasonside,Texas,Mongolia
315,Jerrymouth,Alabama,United States Minor Outlying Islands
316,South Drew,New York,Trinidad and Tobago
317,New Kellyside,Idaho,Belarus
318,South Melissaberg,Wisconsin,Tajikistan
319,Stanleyland,Maine,Sweden
320,Port Courtneyport,North Carolina,Guyana
321,Ayalatown,Minnesota,United Kingdom
322,Richardport,Utah,Denmark
323,Dylanland,South Carolina,Tonga
324,South Samanthaburgh,Georgia,Iraq
325,Michaelton,North Carolina,Niger
326,Isaiahborough,California,Uruguay
327,Mitchellport,Louisiana,Hungary
328,Villanuevaland,Vermont,Gibraltar
329,Christianton,Washington,Gabon
330,Rodriguezberg,Oklahoma,Algeria
331,Lake Maryside,North Carolina,Romania
332,South Michael,Indiana,Ghana
333,Alexanderland,Iowa,Dominica
334,New Juliestad,Connecticut,Sri Lanka
335,Lake Rachelland,Virginia,Sierra Leone
336,North Seantown,Texas,Zimbabwe
337,East Anitahaven,Oklahoma,Jamaica
338,West Jeremyshire,South Dakota,Moldova
339,Mariafort,Alaska,Djibouti
340,Port Angela,North Dakota,Cook Islands
341,South Jenniferhaven,Georgia,French Guiana
342,West Suzanneport,Louisiana,India
343,Schwartzchester,Oklahoma,Iraq
344,North Sarah,Virginia,Central African Republic
345,West Leslie,Colorado,British Virgin Islands
346,Walshton,Pennsylvania,Iceland
347,South Karen,Tennessee,Uganda
348,West Xavier,Oregon,Trinidad and Tobago
349,Princemouth,Montana,China
350,Wendyfurt,New Jersey,Qatar
351,Tamaramouth,South Dakota,Congo
352,Lake Joseph,Massachusetts,Mauritania
353,Daltonton,California,Belize
354,Evansborough,Georgia,Puerto Rico
355,South Ronaldborough,Colorado,Falkland Islands (Malvinas)
356,Kochfurt,Connecticut,Korea
357,North Robert,New Hampshire,Namibia
358,Sheltonmouth,Washington,Syrian Arab Republic
359,Timothyport,Iowa,France
360,Blackton,Kansas,Panama
361,Bethanyshire,Arkansas,Moldova
362,North Jenniferstad,Kentucky,Svalbard & Jan Mayen Islands
363,East Kellymouth,West Virginia,Saint Pierre and Miquelon
364,Port Amanda,Iowa,British Indian Ocean Territory (Chagos Archipelago)
365,West Robert,Texas,Palestinian Territory
366,New Jeremy,Michigan,Albania
367,Jillmouth,Rhode Island,Moldova
368,Port Curtisburgh,Oklahoma,Latvia
369,Stephanieton,Michigan,Madagascar
370,Michelleberg,Florida,Estonia
371,South Brian,Georgia,Dominica
372,East Joseph,Louisiana,Norfolk Island
373,Port Emilyville,Connecticut,Maldives
374,South Laura,North Dakota,Tajikistan
375,West Kevinhaven,Minnesota,Haiti
376,Alvareztown,Tennessee,Kyrgyz Republic
377,Jamiebury,Kentucky,Zimbabwe
378,New Jeremy,Ohio,Luxembourg
379,Sanchezmouth,South Dakota,Turkmenistan
380,Christineport,Ohio,Saint Lucia
381,Paynemouth,Louisiana,Palestinian Territory
382,North Selena,Louisiana,Cook Islands
383,Lake Amy,Minnesota,Madagascar
384,North Drewfurt,Massachusetts,Somalia
385,South Joseph,Illinois,Slovakia (Slovak Republic)
386,East Madisonside,Minnesota,Chad
387,Hunterton,Alaska,Congo
388,Port Sonyafort,Minnesota,Guatemala
389,New Ryanshire,Arkansas,Isle of Man
390,Amberview,Rhode Island,Reunion
391,Port Michaelborough,Louisiana,Saint Martin
392,East Christopher,New Hampshire,American Samoa
393,West Kelly,Louisiana,Svalbard & Jan Mayen Islands
394,Fordtown,Arkansas,Saint Helena
395,Lake Shannon,Mississippi,Turks and Caicos Islands
396,Jeffreymouth,Texas,Faroe Islands
397,Brownmouth,Virginia,Puerto Rico
398,Bakerville,Indiana,United States of America
399,Richardsonstad,Arkansas,Reunion
400,Michaelside,South Dakota,Trinidad and Tobago
401,Singhborough,Florida,Tuvalu
402,Port Jenniferhaven,Virginia,Senegal
403,Rileyton,Nebraska,Liberia
404,Stephanietown,California,Mauritania
405,Adamfurt,Louisiana,Somalia
406,Davidburgh,Montana,Portugal
407,Murphyhaven,New Jersey,Uzbekistan
408,Lindaburgh,Nevada,Guinea
409,Evansville,South Carolina,Malaysia
410,South Cory,Kansas,Jamaica
411,Carlosshire,Texas,Christmas Island
412,New Jose,Kansas,Cambodia
413,West Betty,Pennsylvania,Brunei Darussalam
414,New Dianaville,Virginia,Honduras
415,Sarahport,West Virginia,Kuwait
416,New Timothyfort,Arkansas,Myanmar
417,Port Allenfurt,Minnesota,Cayman Islands
418,Margaretchester,Idaho,Argentina
419,Morrisonberg,New York,Algeria
420,East Allenton,Iowa,Korea
421,Jeffreyberg,South Dakota,Angola
422,Port Stephanieview,Pennsylvania,Singapore
423,Danielton,Michigan,Cambodia
424,Steventown,Idaho,Seychelles
425,Lake Geraldhaven,Alaska,Saint Kitts and Nevis
426,Shelleyton,North Dakota,South Africa
427,South Courtneymouth,Michigan,United Arab Emirates
428,Port Andrewbury,Nebraska,Sri Lanka
429,Mirandahaven,Iowa,Spain
430,Natashaville,Iowa,Somalia
431,New Mary,Oklahoma,Ghana
432,Frenchhaven,Tennessee,Colombia
433,New Rachel,Colorado,Jordan
434,South Ryanville,South Carolina,Malta
435,South Laura,Virginia,Gambia
436,North Ashleytown,South Carolina,Samoa
437,Anthonystad,Arizona,Mexico
438,Kathyshire,Wisconsin,United States Virgin Islands
439,East Rebeccaport,Virginia,Svalbard & Jan Mayen Islands
440,Melissaside,Vermont,Pakistan
441,Port Zacharyshire,Massachusetts,Bermuda
442,Alexandertown,Wyoming,Tunisia
443,Carlsonmouth,Alabama,Cocos (Keeling) Islands
444,Port Juanside,Wyoming,Cameroon
445,Crosbyburgh,Pennsylvania,Grenada
446,Espinozaside,Kentucky,Montserrat
447,Lesterburgh,New Jersey,Korea
448,Danielbury,Virginia,Brunei Darussalam
449,Lake Andrea,Georgia,Timor-Leste
450,South Jenniferfort,Pennsylvania,Kazakhstan
451,East Jenniferfort,Michigan,Switzerland
452,South Sara,Alabama,Tuvalu
453,Lake Lindsey,Kansas,Ethiopia
454,North Jenniferchester,Kansas,Philippines
455,West Joshuashire,New Mexico,Greece
456,Port Amyshire,Virginia,Comoros
457,North Brandonside,Utah,Jamaica
458,East Coryberg,Connecticut,Belgium
459,West Roberthaven,New Jersey,Brunei Darussalam
460,West Ernestberg,Ohio,Mexico
461,West Christopher,Maryland,Greece
462,Gabrielberg,Maryland,Cape Verde
463,Juliemouth,Pennsylvania,Iraq
464,Monroemouth,Texas,Lebanon
465,West Suzanneport,Montana,France
466,West Jennifer,Kentucky,South Africa
467,Wheelerville,Maine,Tajikistan
468,East Tyler,Missouri,New Caledonia
469,Lorettabury,Iowa,Senegal
470,East Jonathan,Utah,Albania
471,Sandraland,Alaska,Tokelau
472,Rebeccamouth,Virginia,Bosnia and Herzegovina
473,Fishershire,Virginia,El Salvador
474,Michaelside,Nevada,Colombia
475,Blankenshipside,Alabama,Dominica
476,Port Angelaside,Michigan,Heard Island and McDonald Islands
477,Brandonland,Louisiana,Guinea
478,North Davidport,Nebraska,Nicaragua
479,Portershire,Nebraska,Panama
480,Maureenton,Indiana,Tuvalu
481,New Miguel,Wyoming,Montenegro
482,New Christine,Indiana,Netherlands Antilles
483,West Marissaland,Missouri,Senegal
484,South Kristy,Minnesota,Philippines
485,Lake Drewland,Louisiana,Guinea
486,Emilyhaven,Georgia,Iceland
487,Hartside,Utah,Northern Mariana Islands
488,Rubenmouth,New Mexico,Lesotho
489,Port Rebecca,Mississippi,Liechtenstein
490,East Heidi,Washington,Dominican Republic
491,Port Lisaborough,Massachusetts,Palestinian Territory
492,Wigginsville,California,Algeria
493,West Susan,Alabama,India
494,Ronaldtown,New Jersey,Samoa
495,South Teresa,Maine,Myanmar
496,West Saraport,South Carolina,Saint Barthelemy
497,Port Bradleyfurt,Alabama,Papua New Guinea
498,Morsefurt,Texas,Bulgaria
499,New Randy,Hawaii,Kyrgyz Republic
500,Johnsonborough,Vermont,Equatorial Guinea
