product_id,product_name,category_id,price
1,Up Industry,2,129.83
2,Top Media,7,24.41
3,Speech Choose,5,342.77
4,,1,129.42
5,Card Admit,6,490.6
6,Sell Enjoy,1,424.03
7,Camera National,7,181.76
8,Maybe Appear,1,313.65
9,Raise Show,1,239.95
10,Generation Style,5,214.83
11,Wish Toward,6,55.91
12,,8,342.86
13,Recognize Teacher,5,447.95
14,Up Dinner,7,451.24
15,Gas Hospital,1,482.74
16,Senior She,5,97.83
17,Believe Not,1,463.26
18,Central Style,4,461.54
19,Analysis Property,4,325.87
20,Study Hair,8,165.5
21,Writer Heart,6,150.9
22,Have Class,1,132.83
23,According Degree,2,9.62
24,While Body,6,475.25
25,Turn Feeling,6,433.49
26,Back Performance,6,61.62
27,Stage Hair,1,131.19
28,Shake Anyone,7,368.79
29,Data Return,5,56.11
30,Dog Level,1,498.03
31,,5,264.81
32,Reveal Political,5,487.29
33,News Imagine,6,344.21
34,This Since,5,413.41
35,Among Culture,5,399.77
36,Rise Though,7,416.63
37,Paper Science,6,199.11
38,Size Should,2,452.07
39,Factor Throughout,3,313.25
40,Sign Next,1,68.41
41,Kind Might,3,414.42
42,Pull Score,7,365.86
43,Strategy Agreement,5,261.44
44,Its Live,6,105.57
45,Record Exist,6,384.37
46,Determine None,2,99.25
47,Trial For,3,412.43
48,Stay Season,1,268.63
49,People Material,5,5.61
50,Church Ask,8,308.94
51,Try Country,6,33.03
52,Television Rather,4,346.94
53,Itself Family,2,491.38
54,Travel Anyone,6,75.72
55,Push Free,7,73.01
56,Debate Role,1,435.08
57,While New,5,269.14
58,Share Form,5,75.5
59,Reveal Line,1,362.32
60,Majority Number,6,44.31
61,Around Seem,4,473.95
62,Let Pressure,4,236.58
63,Machine Responsibility,3,91.6
64,Subject Finish,7,193.02
65,Article Present,2,375.28
66,,5,464.21
67,Class Religious,3,67.17
68,Fight Happy,4,100.15
69,Focus Outside,2,271.97
70,Road Mouth,7,451.56
71,Evening Surface,3,71.45
72,Recognize Very,5,101.82
73,Watch Article,8,50.18
74,Within Wind,4,315.45
75,Loss Spring,2,132.91
76,Develop Explain,1,105.88
77,Whom Song,1,241.77
78,Question Whose,3,184.43
79,Decide Foot,8,388.56
80,Similar Religious,8,18.39
81,Already Of,5,276.04
82,History Change,4,115.2
83,Their Energy,3,109.33
84,Tax Explain,7,17.04
85,Parent Action,7,96.06
86,Off Throw,6,206.88
87,Nor The,5,276.74
88,Interview Fish,3,100.39
89,Strategy Less,6,185.28
90,Action Machine,7,352.19
91,Teacher Artist,8,171.51
92,Quality Suffer,7,197.31
93,Every Level,4,392.66
94,Something Idea,1,262.19
95,Several Exactly,6,358.87
96,Manager Least,2,287.68
97,Two Stand,1,117.87
98,Behind Build,8,250.16
99,Management Level,3,265.43
100,Great Response,8,151.09
101,Artist Program,6,307.0
102,Involve Boy,4,436.36
103,Economic Knowledge,6,318.56
104,Where Final,5,257.51
105,Agent Might,2,388.94
106,Young Want,1,415.57
107,Opportunity All,8,169.78
108,Room Hundred,5,482.12
109,Answer That,6,163.85
110,Sell Development,3,441.52
111,Could Themselves,8,25.0
112,Plant State,3,70.56
113,Real Challenge,1,199.85
114,Century Glass,3,494.7
115,Same Color,1,112.45
116,,8,194.47
117,Guy Ahead,8,411.21
118,Sign Congress,3,46.84
119,Happen Important,3,316.47
120,Determine Everything,6,94.79
121,Mean Hold,3,126.58
122,Free Watch,7,412.37
123,Off Even,3,421.24
124,Heart Base,5,309.97
125,,6,144.49
126,Analysis Network,3,334.45
127,Nation Deep,2,24.78
128,Education Responsibility,8,441.57
129,Site Many,6,430.75
130,Also Gas,3,280.47
131,Century So,7,21.98
132,Hear Consider,5,223.61
133,Why Main,2,405.05
134,Ago Fill,3,189.14
135,Strategy Every,3,199.39
136,Rest Short,3,204.39
137,Support Authority,2,83.54
138,Ready Already,5,50.14
139,Movement Next,4,365.69
140,Single Husband,8,373.67
141,Foot Summer,6,58.59
142,Fish Today,2,381.04
143,,2,48.78
144,Relationship Concern,4,477.51
145,,4,105.62
146,Itself Brother,3,63.22
147,Issue Art,6,324.12
148,Stop Job,1,229.59
149,Than Too,2,245.27
150,Near Which,8,431.65
151,Young Result,3,107.76
152,,7,76.19
153,Operation Offer,6,415.33
154,Young Science,3,487.79
155,Democratic Good,4,403.95
156,Structure Little,4,2630.0
157,,2,440.44
158,Visit Human,5,490.48
159,Factor Base,2,137.62
160,Can Second,4,171.07
161,Before Institution,1,130.93
162,Learn Better,8,183.59
163,Long Rule,1,66.72
164,Save Rule,3,165.81
165,Officer Field,7,110.03
166,Thought Evening,6,243.48
167,Cause Before,2,6.62
168,Behind Plant,2,275.89
169,Follow Leg,8,207.88
170,Citizen Pay,5,453.15
171,,3,214.33
172,Their Few,2,462.34
173,Property Move,2,458.37
174,Its Allow,2,183.58
175,State Over,2,219.59
176,One State,8,56.59
177,Note Thing,2,179.68
178,Key Sing,2,230.77
179,Crime Close,5,461.66
180,Present Fish,3,446.28
181,Morning Without,3,248.18
182,Sit Population,5,73.68
183,Entire Pull,1,159.78
184,Meet Board,4,10.02
185,Way Dog,7,441.41
186,Value Part,5,234.57
187,For Break,8,39.04
188,White Throughout,3,249.7
189,Out Read,4,451.1
190,Try Program,7,172.28
191,Vote Adult,5,498.26
192,Some Happen,7,82.94
193,Develop Place,7,445.9
194,Certain Return,1,310.0
195,Safe Act,8,49.93
196,Unit West,4,29.6
197,About Almost,8,318.26
198,Send Wall,7,138.17
199,Before Loss,3,140.31
200,Room Attention,7,42.09
201,Pass Fly,4,156.21
202,Public Nice,3,222.03
203,Role Point,6,192.28
204,Think True,8,282.15
205,Great Yourself,8,14.15
206,Total Audience,8,300.88
207,Fly Fear,1,14.32
208,As Laugh,2,85.09
209,Similar Whether,8,215.51
210,Owner Challenge,1,148.82
211,Specific Herself,8,439.95
212,Draw Class,7,380.74
213,Whom Less,1,447.64
214,Board Teacher,1,302.81
215,List Maintain,8,245.5
216,Push Ago,4,5.58
217,Health Make,2,286.86
218,Any Walk,2,420.22
219,Soldier News,6,409.03
220,Statement Drive,3,475.04
221,The Modern,5,418.75
222,Grow Behind,6,293.24
223,Any Safe,6,235.28
224,Make Particularly,5,407.25
225,Smile So,4,306.22
226,Protect Beyond,2,281.87
227,Movement Former,1,355.76
228,Owner Action,5,486.85
229,,1,497.57
230,Spring Compare,5,205.09
231,Plant Surface,6,186.55
232,Audience Traditional,8,330.64
233,Month Compare,7,215.79
234,Girl Management,1,80.06
235,Itself Worker,4,251.36
236,Hit Everyone,4,429.97
237,West Minute,5,434.03
238,Study Let,7,389.49
239,Protect Benefit,3,249.31
240,We Wonder,2,245.09
241,Kitchen Check,4,239.46
242,,8,443.37
243,Now Last,1,201.99
244,Than Let,1,107.33
245,Wear Possible,4,32.23
246,Quickly Whether,8,468.39
247,Social Somebody,8,258.31
248,Only Week,4,223.66
249,Even Fact,8,423.41
250,Always Gas,1,150.99
251,Several Page,8,13.39
252,Consider Senior,8,57.53
253,Hot Deal,8,310.51
254,,6,2630.0
255,Resource Reveal,5,198.98
256,Southern Rest,3,339.59
257,Possible Bill,3,84.44
258,Interesting Early,2,438.21
259,Single Section,1,256.14
260,Deal Will,6,87.79
261,Whether Few,8,176.54
262,Both Network,2,2630.0
263,Win Reflect,5,395.31
264,Mention Conference,1,294.9
265,Animal Various,4,160.14
266,Deal Agreement,4,317.95
267,Eight Space,6,67.38
268,,3,305.1
269,,4,264.42
270,Include Radio,4,265.11
271,Strong Nation,3,374.44
272,Parent Especially,8,249.61
273,Firm Friend,3,261.21
274,Five Community,1,82.12
275,Agency Indicate,3,227.54
276,Later Last,8,49.41
277,Its State,1,51.26
278,Back Realize,5,94.41
279,Sometimes Another,7,268.5
280,Ever Much,5,147.98
281,Group Site,2,437.72
282,Each Company,8,42.25
283,Week Cut,2,106.04
284,Direction Simple,6,386.64
285,Beat Prove,5,327.8
286,Make Job,2,2630.0
287,East Or,4,490.29
288,Protect Wide,5,258.7
289,Month Turn,8,192.86
290,Computer Answer,3,221.37
291,Your Something,1,304.83
292,Cup Walk,8,363.87
293,Court Hold,5,406.93
294,Conference Consumer,7,357.17
295,Beautiful Instead,8,432.81
296,Week Down,6,285.68
297,Bit White,3,82.52
298,Really Rich,2,75.41
299,Book Like,6,48.72
300,War Very,1,69.48
236,Hit Everyone,4,429.97
25,Turn Feeling,6,433.49
162,Learn Better,8,183.59
217,Health Make,2,286.86
69,Focus Outside,2,271.97
55,Push Free,7,2630.0
119,Happen Important,3,316.47
146,Itself Brother,3,63.22
93,Every Level,4,392.66
110,Sell Development,3,441.52
